content,created_at,image_url
今日は朝からランニングをした。冬の朝は空気が澄んでいて気持ちいい。,2025-12-01T07:30:00Z,
友達とカフェで勉強会。新しいプログラミング言語を学んでいる。,2025-12-02T14:00:00Z,
夕焼けがきれいだった。写真を撮ってみた。,2025-12-03T17:30:00Z,
読書の秋...じゃなくて冬。面白い本を見つけた。,2025-12-04T21:00:00Z,
久しぶりに料理をした。パスタを作ってみたけど、まあまあの出来。,2025-12-05T19:00:00Z,
今日は一日中雨だった。家でゆっくり過ごした。,2025-12-06T15:00:00Z,
週末はのんびり映画鑑賞。良い映画を見つけた！,2025-12-07T20:00:00Z,
新しい週の始まり。今週も頑張ろう！,2025-12-08T08:00:00Z,
仕事帰りにジムへ。最近運動不足だったから体を動かせて良かった。,2025-12-09T21:30:00Z,
友人と電話で長話。久しぶりに話せて楽しかった。,2025-12-10T22:00:00Z,
今日は寒かった！暖かいココアを飲んでほっこり。,2025-12-11T19:30:00Z,
年末に向けて少しずつ大掃除を始めた。,2025-12-12T14:00:00Z,
クリスマスの準備を始めた。ツリーを飾るのが楽しい。,2025-12-13T18:00:00Z,
週末のお出かけ計画を立てている。楽しみ！,2025-12-14T20:00:00Z,
イルミネーションを見に行った。とてもきれいだった。,2025-12-15T19:00:00Z,
